sigma,noise_type,motif_size,runs,parity_mean,parity_sd,parity_sem,retention
0.0,gaussian,4,12,0.9965056229062615,0.002731021964665239,0.0007883781332311281,1.0
0.0,gaussian,6,12,0.995149997126695,0.0037729865965224194,0.0010891674135755343,1.0
0.0,laplace,4,12,0.9965056229062615,0.002731021964665239,0.0007883781332311281,1.0
0.0,laplace,6,12,0.995149997126695,0.0037729865965224194,0.0010891674135755343,1.0
0.001,gaussian,4,12,0.9969580686274965,0.002201466010310982,0.0006355084968324285,1.0004540322812383
0.001,gaussian,6,12,0.9957845675638324,0.0029751561291122596,0.0008588535960120641,1.0006376631050289
0.001,laplace,4,12,0.998002814996795,0.0016573614280575692,0.00047843903331677007,1.0015024421901073
0.001,laplace,6,12,0.9971724397951801,0.0023496579849678115,0.0006782878350623598,1.0020322993260558
0.003,gaussian,4,12,0.9826589445655013,0.004006568491730884,0.0011565966986137493,0.9861047664734925
0.003,gaussian,6,12,0.9752269732027347,0.005857564131751342,0.0016909331141310667,0.9799798784288959
0.003,laplace,4,12,0.9769307531358365,0.006249746855308004,0.0018041465146395467,0.9803564883925734
0.003,laplace,6,12,0.9671521862451246,0.008778854839630633,0.0025342371024186976,0.9718657378662424
0.01,gaussian,4,12,0.8049523847143719,0.0161501286166106,0.004662140552123603,0.8077750553647317
0.01,gaussian,6,12,0.7319651623214728,0.024408833591712364,0.007046223322389957,0.7355324970455529
0.01,laplace,4,12,0.6459248330776679,0.020501044927946313,0.005918141903909209,0.6481898528518671
0.01,laplace,6,12,0.5428924733094589,0.023206145664800115,0.006699037223213007,0.5455383358056142
