r,epsilon,n,horizon,seed,sigma,noise_type,motif_size,threshold,motif_even,motif_odd,comp_even,parity
3.8625,0.132,320,1440,17,0.0,gaussian,4,0.729271411895752,0.9935411045648899,0.0,2.248201438848921e-06,0.9935411045648899
3.8625,0.132,320,1440,17,0.0,gaussian,6,0.729271411895752,0.9910104768748204,0.0,0.0,0.9910104768748204
3.8625,0.132,320,1440,42,0.0,gaussian,4,0.7262175679206848,0.9995893643637255,0.0,0.0,0.9995893643637255
3.8625,0.132,320,1440,42,0.0,gaussian,6,0.7262175679206848,0.9994095594105639,0.0,0.0,0.9994095594105639
3.8625,0.132,320,1440,73,0.0,gaussian,4,0.721723735332489,0.9914543932020244,2.954612476285305e-05,2.5385803006775533e-05,0.9914248470772616
3.8625,0.132,320,1440,73,0.0,gaussian,6,0.721723735332489,0.987908270301024,0.0,0.0,0.987908270301024
3.8625,0.132,320,1440,101,0.0,gaussian,4,0.7247265577316284,0.9975451510656587,0.0,0.0,0.9975451510656587
3.8625,0.132,320,1440,101,0.0,gaussian,6,0.7247265577316284,0.9964832616671261,0.0,0.0,0.9964832616671261
3.8625,0.132,320,1440,137,0.0,gaussian,4,0.7279782295227051,0.9945498742847505,9.218565625084552e-05,0.00010440606400546671,0.9944576886284997
3.8625,0.132,320,1440,137,0.0,gaussian,6,0.7279782295227051,0.9929541486918616,9.708175337021243e-06,1.2148983321733414e-05,0.9929444405165245
3.8625,0.132,320,1440,173,0.0,gaussian,4,0.683475911617279,1.0,0.0,0.0,1.0
3.8625,0.132,320,1440,173,0.0,gaussian,6,0.683475911617279,1.0,0.0,0.0,1.0
3.8625,0.132,320,1440,211,0.0,gaussian,4,0.7240404486656189,0.9945750458228412,0.0,0.0,0.9945750458228412
3.8625,0.132,320,1440,211,0.0,gaussian,6,0.7240404486656189,0.9925886895651331,0.0,0.0,0.9925886895651331
3.8625,0.132,320,1440,257,0.0,gaussian,4,0.71849524974823,0.9950630382778849,0.0,0.0,0.9950630382778849
3.8625,0.132,320,1440,257,0.0,gaussian,6,0.71849524974823,0.9929939774784622,0.0,0.0,0.9929939774784622
3.8625,0.132,320,1440,307,0.0,gaussian,4,0.720892071723938,0.9978291692303248,0.0,0.0,0.9978291692303248
3.8625,0.132,320,1440,307,0.0,gaussian,6,0.720892071723938,0.9969452862238031,0.0,0.0,0.9969452862238031
3.8625,0.132,320,1440,359,0.0,gaussian,4,0.7287805080413818,0.9960829266523952,0.0,0.0,0.9960829266523952
3.8625,0.132,320,1440,359,0.0,gaussian,6,0.7287805080413818,0.9944594861793364,0.0,0.0,0.9944594861793364
3.8625,0.132,320,1440,401,0.0,gaussian,4,0.7111912965774536,0.999462478847055,0.0,0.0,0.999462478847055
3.8625,0.132,320,1440,401,0.0,gaussian,6,0.7111912965774536,0.9992243587739488,0.0,0.0,0.9992243587739488
3.8625,0.132,320,1440,457,0.0,gaussian,4,0.7231712341308594,0.9984966603446018,0.0,0.0,0.9984966603446018
3.8625,0.132,320,1440,457,0.0,gaussian,6,0.7231712341308594,0.9978321585295975,0.0,0.0,0.9978321585295975
3.8625,0.132,320,1440,17,0.001,gaussian,4,0.6957978010177612,1.0,0.0,0.0,1.0
3.8625,0.132,320,1440,17,0.001,gaussian,6,0.6957978010177612,1.0,0.0,0.0,1.0
3.8625,0.132,320,1440,42,0.001,gaussian,4,0.7094663381576538,0.9976959564166924,0.0,0.0,0.9976959564166924
3.8625,0.132,320,1440,42,0.001,gaussian,6,0.7094663381576538,0.9969076127260911,0.0,0.0,0.9969076127260911
3.8625,0.132,320,1440,73,0.001,gaussian,4,0.7244561910629272,0.9986800756255831,0.0,0.0,0.9986800756255831
3.8625,0.132,320,1440,73,0.001,gaussian,6,0.7244561910629272,0.9980872052394826,0.0,0.0,0.9980872052394826
3.8625,0.132,320,1440,101,0.001,gaussian,4,0.7258472442626953,0.9964206236431062,0.0,0.0,0.9964206236431062
3.8625,0.132,320,1440,101,0.001,gaussian,6,0.7258472442626953,0.9949096618951033,0.0,0.0,0.9949096618951033
3.8625,0.132,320,1440,137,0.001,gaussian,4,0.727393388748169,0.9933106618802606,0.0,0.0,0.9933106618802606
3.8625,0.132,320,1440,137,0.001,gaussian,6,0.727393388748169,0.9905405856195818,0.0,0.0,0.9905405856195818
3.8625,0.132,320,1440,173,0.001,gaussian,4,0.7225685119628906,0.9968000806888903,0.0,0.0,0.9968000806888903
3.8625,0.132,320,1440,173,0.001,gaussian,6,0.7225685119628906,0.9954259148462951,0.0,0.0,0.9954259148462951
3.8625,0.132,320,1440,211,0.001,gaussian,4,0.7277185320854187,0.99314586158025,0.00018998535964985785,0.00021857275237596006,0.9929558762206001
3.8625,0.132,320,1440,211,0.001,gaussian,6,0.7277185320854187,0.990942004650542,0.0,0.0,0.990942004650542
3.8625,0.132,320,1440,257,0.001,gaussian,4,0.7235077023506165,0.9998833697601114,0.0,0.0,0.9998833697601114
3.8625,0.132,320,1440,257,0.001,gaussian,6,0.7235077023506165,0.9998250546401671,0.0,0.0,0.9998250546401671
3.8625,0.132,320,1440,307,0.001,gaussian,4,0.7290093302726746,0.9957225331721979,0.0,0.0,0.9957225331721979
3.8625,0.132,320,1440,307,0.001,gaussian,6,0.7290093302726746,0.9939163124141521,0.0,0.0,0.9939163124141521
3.8625,0.132,320,1440,359,0.001,gaussian,4,0.7232391834259033,0.9968864983765382,2.605229806695614e-05,2.5894729336590372e-05,0.9968604460784712
3.8625,0.132,320,1440,359,0.001,gaussian,6,0.7232391834259033,0.9957173154298807,0.0,0.0,0.9957173154298807
3.8625,0.132,320,1440,401,0.001,gaussian,4,0.7247092127799988,0.9974478162938898,0.0,0.0,0.9974478162938898
3.8625,0.132,320,1440,401,0.001,gaussian,6,0.7247092127799988,0.9963158258287805,0.0,0.0,0.9963158258287805
3.8625,0.132,320,1440,457,0.001,gaussian,4,0.7201725244522095,0.9977193837501559,0.0,0.0,0.9977193837501559
3.8625,0.132,320,1440,457,0.001,gaussian,6,0.7201725244522095,0.9968273174759119,0.0,0.0,0.9968273174759119
3.8625,0.132,320,1440,17,0.003,gaussian,4,0.7318118810653687,0.9829453414501119,1.986272848306977e-05,2.6450638590915755e-05,0.9829254787216288
3.8625,0.132,320,1440,17,0.003,gaussian,6,0.7318118810653687,0.9756665189039602,0.0,0.0,0.9756665189039602
3.8625,0.132,320,1440,42,0.003,gaussian,4,0.7304280996322632,0.9797519416838434,2.5066405261147804e-05,2.915755997216019e-05,0.9797268752785823
3.8625,0.132,320,1440,42,0.003,gaussian,6,0.7304280996322632,0.9714501422699842,0.0,0.0,0.9714501422699842
3.8625,0.132,320,1440,73,0.003,gaussian,4,0.7315816283226013,0.9801502258542042,5.7361135154066956e-05,7.357383594848292e-05,0.9800928647190501
3.8625,0.132,320,1440,73,0.003,gaussian,6,0.7315816283226013,0.9712977478703726,0.0,0.0,0.9712977478703726
3.8625,0.132,320,1440,101,0.003,gaussian,4,0.7326518297195435,0.9772461957351757,8.255421013957779e-05,0.00012162103682433214,0.9771636415250361
3.8625,0.132,320,1440,101,0.003,gaussian,6,0.7326518297195435,0.9680691054244065,0.0,0.0,0.9680691054244065
3.8625,0.132,320,1440,137,0.003,gaussian,4,0.728662371635437,0.9865720328912042,0.0,0.0,0.9865720328912042
3.8625,0.132,320,1440,137,0.003,gaussian,6,0.728662371635437,0.9804245666232874,0.0,0.0,0.9804245666232874
3.8625,0.132,320,1440,173,0.003,gaussian,4,0.7291375398635864,0.9875261600627567,1.6525953386085887e-05,2.2733089824340505e-05,0.9875096341093706
3.8625,0.132,320,1440,173,0.003,gaussian,6,0.7291375398635864,0.982835391759789,0.0,0.0,0.982835391759789
3.8625,0.132,320,1440,211,0.003,gaussian,4,0.7327449321746826,0.9773203638846069,5.1440329218107e-07,5.252100840336135e-07,0.9773198494813147
3.8625,0.132,320,1440,211,0.003,gaussian,6,0.7327449321746826,0.9665453970305056,0.0,0.0,0.9665453970305056
3.8625,0.132,320,1440,257,0.003,gaussian,4,0.728407621383667,0.9803535921544919,0.0,0.0,0.9803535921544919
3.8625,0.132,320,1440,257,0.003,gaussian,6,0.728407621383667,0.9716171278544303,0.0,0.0,0.9716171278544303
3.8625,0.132,320,1440,307,0.003,gaussian,4,0.7310866117477417,0.9856555370821528,9.456702842308214e-05,0.00011132100627217763,0.9855609700537298
3.8625,0.132,320,1440,307,0.003,gaussian,6,0.7310866117477417,0.9798933277589086,0.0,0.0,0.9798933277589086
3.8625,0.132,320,1440,359,0.003,gaussian,4,0.7301287651062012,0.9897916478560077,6.330671520699913e-05,6.604862987778585e-05,0.9897283411408007
3.8625,0.132,320,1440,359,0.003,gaussian,6,0.7301287651062012,0.985271653113631,1.3412676840238678e-06,0.0,0.9852703118459469
3.8625,0.132,320,1440,401,0.003,gaussian,4,0.7290235757827759,0.982525071735564,2.6057393961729794e-05,2.7343320312299775e-05,0.9824990143416023
3.8625,0.132,320,1440,401,0.003,gaussian,6,0.7290235757827759,0.9749340233287427,0.0,0.0,0.9749340233287427
3.8625,0.132,320,1440,457,0.003,gaussian,4,0.7284943461418152,0.9824655814397258,1.0541070520524078e-05,4.8595933286933655e-06,0.9824550403692053
3.8625,0.132,320,1440,457,0.003,gaussian,6,0.7284943461418152,0.974720017762482,0.0,0.0,0.974720017762482
3.8625,0.132,320,1440,17,0.01,gaussian,4,0.7289344072341919,0.80613992216407,0.0026836060916471207,0.0034546246258384773,0.803456316072423
3.8625,0.132,320,1440,17,0.01,gaussian,6,0.7289344072341919,0.7345552067135367,0.000486285599516813,0.0006674952917404887,0.7340689211140199
3.8625,0.132,320,1440,42,0.01,gaussian,4,0.7296286821365356,0.7977862534859927,0.0014281119582536593,0.0018752203319065603,0.7963581415277391
3.8625,0.132,320,1440,42,0.01,gaussian,6,0.7296286821365356,0.7129503049565358,6.288537971460768e-05,9.929119737840954e-05,0.7128874195768211
3.8625,0.132,320,1440,73,0.01,gaussian,4,0.7296758890151978,0.7884760860618509,0.0014795074657954223,0.0018648808992319473,0.7869965785960555
3.8625,0.132,320,1440,73,0.01,gaussian,6,0.7296758890151978,0.7035801105387323,5.765350039760831e-05,7.483670464769829e-05,0.7035224570383346
3.8625,0.132,320,1440,101,0.01,gaussian,4,0.7283329963684082,0.8136436333972389,0.0036445741018271333,0.004805879779067897,0.8099990592954117
3.8625,0.132,320,1440,101,0.01,gaussian,6,0.7283329963684082,0.7471898098565977,0.0005355054076180062,0.0007457350857014272,0.7466543044489796
3.8625,0.132,320,1440,137,0.01,gaussian,4,0.7295260429382324,0.8325857012317387,0.0017531746144602747,0.002300926413328841,0.8308325266172785
3.8625,0.132,320,1440,137,0.01,gaussian,6,0.7295260429382324,0.770324000058175,7.089435888502768e-05,0.00011937940641566635,0.77025310569929
3.8625,0.132,320,1440,173,0.01,gaussian,4,0.7288440465927124,0.8169868061354304,0.0027069788451946795,0.003289015160445989,0.8142798272902357
3.8625,0.132,320,1440,173,0.01,gaussian,6,0.7288440465927124,0.747846191620259,0.0004631416987336966,0.0005637901118620727,0.7473830499215253
3.8625,0.132,320,1440,211,0.01,gaussian,4,0.7289013862609863,0.7926581970446118,0.0015234293130842792,0.0019400562618615343,0.7911347677315276
3.8625,0.132,320,1440,211,0.01,gaussian,6,0.7289013862609863,0.712479295624736,0.00010392158111102463,0.00013886211248503836,0.7123753740436249
3.8625,0.132,320,1440,257,0.01,gaussian,4,0.730201244354248,0.8193186430505758,0.0017558745045177903,0.0023918131586820324,0.817562768546058
3.8625,0.132,320,1440,257,0.01,gaussian,6,0.730201244354248,0.7484799326686374,0.0001459440588291087,0.00024771496231874976,0.7483339886098084
3.8625,0.132,320,1440,307,0.01,gaussian,4,0.7288883924484253,0.7978885988419382,0.0016364906658196169,0.0022352520660069227,0.7962521081761186
3.8625,0.132,320,1440,307,0.01,gaussian,6,0.7288883924484253,0.7185848135054943,0.00010188765955329758,0.0001327694981652123,0.718482925845941
3.8625,0.132,320,1440,359,0.01,gaussian,4,0.729284942150116,0.7786753639860234,0.001763175558214193,0.0022102596767088153,0.7769121884278093
3.8625,0.132,320,1440,359,0.01,gaussian,6,0.729284942150116,0.6901236845462458,8.470472226669733e-05,0.00011195413374153204,0.6900389798239791
3.8625,0.132,320,1440,401,0.01,gaussian,4,0.7295061349868774,0.8114898465173234,0.00218744444908636,0.0029454056705794608,0.809302402068237
3.8625,0.132,320,1440,401,0.01,gaussian,6,0.7295061349868774,0.7391849299785425,0.00012050212765436587,0.00026407552892164965,0.7390644278508881
3.8625,0.132,320,1440,457,0.01,gaussian,4,0.7298911809921265,0.8285249768724166,0.002183044648847799,0.0028144875176259096,0.8263419322235688
3.8625,0.132,320,1440,457,0.01,gaussian,6,0.7298911809921265,0.7608035072759292,0.00028651339146856125,0.00037306070294358575,0.7605169938844606
3.8625,0.132,320,1440,17,0.0,laplace,4,0.729271411895752,0.9935411045648899,0.0,2.248201438848921e-06,0.9935411045648899
3.8625,0.132,320,1440,17,0.0,laplace,6,0.729271411895752,0.9910104768748204,0.0,0.0,0.9910104768748204
3.8625,0.132,320,1440,42,0.0,laplace,4,0.7262175679206848,0.9995893643637255,0.0,0.0,0.9995893643637255
3.8625,0.132,320,1440,42,0.0,laplace,6,0.7262175679206848,0.9994095594105639,0.0,0.0,0.9994095594105639
3.8625,0.132,320,1440,73,0.0,laplace,4,0.721723735332489,0.9914543932020244,2.954612476285305e-05,2.5385803006775533e-05,0.9914248470772616
3.8625,0.132,320,1440,73,0.0,laplace,6,0.721723735332489,0.987908270301024,0.0,0.0,0.987908270301024
3.8625,0.132,320,1440,101,0.0,laplace,4,0.7247265577316284,0.9975451510656587,0.0,0.0,0.9975451510656587
3.8625,0.132,320,1440,101,0.0,laplace,6,0.7247265577316284,0.9964832616671261,0.0,0.0,0.9964832616671261
3.8625,0.132,320,1440,137,0.0,laplace,4,0.7279782295227051,0.9945498742847505,9.218565625084552e-05,0.00010440606400546671,0.9944576886284997
3.8625,0.132,320,1440,137,0.0,laplace,6,0.7279782295227051,0.9929541486918616,9.708175337021243e-06,1.2148983321733414e-05,0.9929444405165245
3.8625,0.132,320,1440,173,0.0,laplace,4,0.683475911617279,1.0,0.0,0.0,1.0
3.8625,0.132,320,1440,173,0.0,laplace,6,0.683475911617279,1.0,0.0,0.0,1.0
3.8625,0.132,320,1440,211,0.0,laplace,4,0.7240404486656189,0.9945750458228412,0.0,0.0,0.9945750458228412
3.8625,0.132,320,1440,211,0.0,laplace,6,0.7240404486656189,0.9925886895651331,0.0,0.0,0.9925886895651331
3.8625,0.132,320,1440,257,0.0,laplace,4,0.71849524974823,0.9950630382778849,0.0,0.0,0.9950630382778849
3.8625,0.132,320,1440,257,0.0,laplace,6,0.71849524974823,0.9929939774784622,0.0,0.0,0.9929939774784622
3.8625,0.132,320,1440,307,0.0,laplace,4,0.720892071723938,0.9978291692303248,0.0,0.0,0.9978291692303248
3.8625,0.132,320,1440,307,0.0,laplace,6,0.720892071723938,0.9969452862238031,0.0,0.0,0.9969452862238031
3.8625,0.132,320,1440,359,0.0,laplace,4,0.7287805080413818,0.9960829266523952,0.0,0.0,0.9960829266523952
3.8625,0.132,320,1440,359,0.0,laplace,6,0.7287805080413818,0.9944594861793364,0.0,0.0,0.9944594861793364
3.8625,0.132,320,1440,401,0.0,laplace,4,0.7111912965774536,0.999462478847055,0.0,0.0,0.999462478847055
3.8625,0.132,320,1440,401,0.0,laplace,6,0.7111912965774536,0.9992243587739488,0.0,0.0,0.9992243587739488
3.8625,0.132,320,1440,457,0.0,laplace,4,0.7231712341308594,0.9984966603446018,0.0,0.0,0.9984966603446018
3.8625,0.132,320,1440,457,0.0,laplace,6,0.7231712341308594,0.9978321585295975,0.0,0.0,0.9978321585295975
3.8625,0.132,320,1440,17,0.001,laplace,4,0.7332210540771484,0.9980138337768152,0.0,0.0,0.9980138337768152
3.8625,0.132,320,1440,17,0.001,laplace,6,0.7332210540771484,0.9971882658902377,0.0,0.0,0.9971882658902377
3.8625,0.132,320,1440,42,0.001,laplace,4,0.7300973534584045,0.9979676402141257,0.0,0.0,0.9979676402141257
3.8625,0.132,320,1440,42,0.001,laplace,6,0.7300973534584045,0.9971036873907634,0.0,0.0,0.9971036873907634
3.8625,0.132,320,1440,73,0.001,laplace,4,0.7145605683326721,0.9999416848800557,0.0,0.0,0.9999416848800557
3.8625,0.132,320,1440,73,0.001,laplace,6,0.7145605683326721,0.9999125273200835,0.0,0.0,0.9999125273200835
3.8625,0.132,320,1440,101,0.001,laplace,4,0.7197799682617188,0.995280990103614,1.606677153516754e-05,1.4352070597288609e-05,0.9952649233320788
3.8625,0.132,320,1440,101,0.001,laplace,6,0.7197799682617188,0.993254044086447,0.0,0.0,0.993254044086447
3.8625,0.132,320,1440,137,0.001,laplace,4,0.7237946391105652,0.995848807523285,1.929776279156225e-05,1.4709865221325197e-05,0.9958295097604934
3.8625,0.132,320,1440,137,0.001,laplace,6,0.7237946391105652,0.9941161977104661,0.0,0.0,0.9941161977104661
3.8625,0.132,320,1440,173,0.001,laplace,4,0.723737359046936,0.9995553472104246,0.0,0.0,0.9995553472104246
3.8625,0.132,320,1440,173,0.001,laplace,6,0.723737359046936,0.999375542257263,0.0,0.0,0.999375542257263
3.8625,0.132,320,1440,211,0.001,laplace,4,0.7365763187408447,1.0,0.0,0.0,1.0
3.8625,0.132,320,1440,211,0.001,laplace,6,0.7365763187408447,1.0,0.0,0.0,1.0
3.8625,0.132,320,1440,257,0.001,laplace,4,0.7278287410736084,0.9962702263322886,0.0,0.0,0.9962702263322886
3.8625,0.132,320,1440,257,0.001,laplace,6,0.7278287410736084,0.9946869250768857,0.0,0.0,0.9946869250768857
3.8625,0.132,320,1440,307,0.001,laplace,4,0.7237818241119385,1.0,0.0,0.0,1.0
3.8625,0.132,320,1440,307,0.001,laplace,6,0.7237818241119385,1.0,0.0,0.0,1.0
3.8625,0.132,320,1440,359,0.001,laplace,4,0.7230784893035889,0.9972949737997967,0.0,0.0,0.9972949737997967
3.8625,0.132,320,1440,359,0.001,laplace,6,0.7230784893035889,0.9962226107239621,0.0,0.0,0.9962226107239621
3.8625,0.132,320,1440,401,0.001,laplace,4,0.7358192205429077,0.9983592998522595,0.0,0.0,0.9983592998522595
3.8625,0.132,320,1440,401,0.001,laplace,6,0.7358192205429077,0.9976475746213016,0.0,0.0,0.9976475746213016
3.8625,0.132,320,1440,457,0.001,laplace,4,0.7179859280586243,0.9975469323707642,1.0591567563169654e-05,9.900781882884492e-06,0.997536340803201
3.8625,0.132,320,1440,457,0.001,laplace,6,0.7179859280586243,0.9965619024647502,0.0,0.0,0.9965619024647502
3.8625,0.132,320,1440,17,0.003,laplace,4,0.7283440828323364,0.9824859903205283,1.2901370882744437e-05,1.353652413022723e-05,0.9824730889496456
3.8625,0.132,320,1440,17,0.003,laplace,6,0.7283440828323364,0.9749434084330725,0.0,0.0,0.9749434084330725
3.8625,0.132,320,1440,42,0.003,laplace,4,0.7278248071670532,0.9664778588912535,0.0003148494202143197,0.0004043407725383293,0.9661630094710392
3.8625,0.132,320,1440,42,0.003,laplace,6,0.7278248071670532,0.9525528779150296,3.7255650125545976e-05,4.7227142920183826e-05,0.952515622264904
3.8625,0.132,320,1440,73,0.003,laplace,4,0.7325974702835083,0.9670802534945372,1.1513692239156503e-05,1.2233691300976503e-05,0.967068739802298
3.8625,0.132,320,1440,73,0.003,laplace,6,0.7325974702835083,0.952292062862776,0.0,0.0,0.952292062862776
3.8625,0.132,320,1440,101,0.003,laplace,4,0.7338922619819641,0.9878540658138381,0.0,0.0,0.9878540658138381
3.8625,0.132,320,1440,101,0.003,laplace,6,0.7338922619819641,0.9818714032649313,0.0,0.0,0.9818714032649313
3.8625,0.132,320,1440,137,0.003,laplace,4,0.7331775426864624,0.9783285720826154,1.2431059194573337e-05,1.317822566383154e-05,0.9783161410234208
3.8625,0.132,320,1440,137,0.003,laplace,6,0.7331775426864624,0.968888292786421,0.0,0.0,0.968888292786421
3.8625,0.132,320,1440,173,0.003,laplace,4,0.7290069460868835,0.9719882640055,1.925045342919739e-05,2.0496216059847146e-05,0.9719690135520708
3.8625,0.132,320,1440,173,0.003,laplace,6,0.7290069460868835,0.9604027206623664,0.0,0.0,0.9604027206623664
3.8625,0.132,320,1440,211,0.003,laplace,4,0.7344058156013489,0.9765157071742385,0.00015155043621725679,0.0001472537188499392,0.9763641567380212
3.8625,0.132,320,1440,211,0.003,laplace,6,0.7344058156013489,0.9661704065495511,4.591811745849479e-06,3.3290772398862507e-06,0.9661658147378053
3.8625,0.132,320,1440,257,0.003,laplace,4,0.7310960292816162,0.9806962046882635,0.0006229572270851811,0.000791517202604707,0.9800732474611783
3.8625,0.132,320,1440,257,0.003,laplace,6,0.7310960292816162,0.9728740378828891,2.4610029440947316e-05,4.6178462945568325e-05,0.9728494278534481
3.8625,0.132,320,1440,307,0.003,laplace,4,0.7326763272285461,0.9757036366592876,1.945930579388799e-05,2.216424993940376e-05,0.9756841773534938
3.8625,0.132,320,1440,307,0.003,laplace,6,0.7326763272285461,0.9656270964393643,0.0,0.0,0.9656270964393643
3.8625,0.132,320,1440,359,0.003,laplace,4,0.7280397415161133,0.9804510210904456,7.935208626323777e-05,9.155065260902512e-05,0.9803716690041824
3.8625,0.132,320,1440,359,0.003,laplace,6,0.7280397415161133,0.9718568388712574,0.0,0.0,0.9718568388712574
3.8625,0.132,320,1440,401,0.003,laplace,4,0.728656530380249,0.9808555888422674,3.1889488603269525e-06,0.0,0.9808523998934071
3.8625,0.132,320,1440,401,0.003,laplace,6,0.728656530380249,0.9724034354053666,0.0,0.0,0.9724034354053666
3.8625,0.132,320,1440,457,0.003,laplace,4,0.7335938215255737,0.975996173017713,1.6844450270507254e-05,1.4858082323685736e-05,0.9759793285674425
3.8625,0.132,320,1440,457,0.003,laplace,6,0.7335938215255737,0.9660110619301229,9.505703422053232e-07,0.0,0.9660101113597807
3.8625,0.132,320,1440,17,0.01,laplace,4,0.7259979248046875,0.6708361397889295,0.0061903399259950614,0.008133061309867486,0.6646457998629345
3.8625,0.132,320,1440,17,0.01,laplace,6,0.7259979248046875,0.5633448787295398,0.0007923703047924308,0.001185617412200917,0.5625525084247474
3.8625,0.132,320,1440,42,0.01,laplace,4,0.7256146669387817,0.6674704039611934,0.007159417036365722,0.009162843836331997,0.6603109869248277
3.8625,0.132,320,1440,42,0.01,laplace,6,0.7256146669387817,0.5595563382350598,0.001353771374992228,0.001947889195123008,0.5582025668600675
3.8625,0.132,320,1440,73,0.01,laplace,4,0.72572261095047,0.6766831886168012,0.00650211068463197,0.008532705115443398,0.6701810779321692
3.8625,0.132,320,1440,73,0.01,laplace,6,0.72572261095047,0.572379111021268,0.0010514129124981422,0.0015951308715553164,0.5713276981087699
3.8625,0.132,320,1440,101,0.01,laplace,4,0.7267176508903503,0.645546232786449,0.007675382856019641,0.009866468028198976,0.6378708499304293
3.8625,0.132,320,1440,101,0.01,laplace,6,0.7267176508903503,0.5361941469027431,0.0010808765622924424,0.0015321022077625342,0.5351132703404508
3.8625,0.132,320,1440,137,0.01,laplace,4,0.7248948216438293,0.6703531628083969,0.007238975191410717,0.009543946888078933,0.6631141876169862
3.8625,0.132,320,1440,137,0.01,laplace,6,0.7248948216438293,0.5672281437088758,0.0010764620967298722,0.0016371698338141093,0.5661516816121459
3.8625,0.132,320,1440,173,0.01,laplace,4,0.7258155345916748,0.6308109523102059,0.008502010404121942,0.011241475888629834,0.622308941906084
3.8625,0.132,320,1440,173,0.01,laplace,6,0.7258155345916748,0.5168356385302582,0.0018705142029762898,0.0026785803790871435,0.5149651243272819
3.8625,0.132,320,1440,211,0.01,laplace,4,0.7256710529327393,0.6184012631454165,0.011605630620737464,0.014671950402700829,0.606795632524679
3.8625,0.132,320,1440,211,0.01,laplace,6,0.7256710529327393,0.5017378213859421,0.0021908509529988012,0.0029400524309285392,0.4995469704329433
3.8625,0.132,320,1440,257,0.01,laplace,4,0.7263430953025818,0.6374390575758399,0.007001206757372776,0.008823781831508804,0.630437850818467
3.8625,0.132,320,1440,257,0.01,laplace,6,0.7263430953025818,0.5269196077362984,0.001122429697339406,0.0015023685783686976,0.525797178038959
3.8625,0.132,320,1440,307,0.01,laplace,4,0.7265349626541138,0.6572867676530904,0.007697934548885603,0.009613564919378297,0.6495888331042048
3.8625,0.132,320,1440,307,0.01,laplace,6,0.7265349626541138,0.5492358687864639,0.0011148861303476281,0.0015157146928702445,0.5481209826561163
3.8625,0.132,320,1440,359,0.01,laplace,4,0.7266805171966553,0.6607457513392132,0.00744511231685667,0.009550383128235987,0.6533006390223566
3.8625,0.132,320,1440,359,0.01,laplace,6,0.7266805171966553,0.5532247098927268,0.0016759038128362526,0.002234823586329656,0.5515488060798905
3.8625,0.132,320,1440,401,0.01,laplace,4,0.7261244058609009,0.6355467415710534,0.00825355319570264,0.010207804177716936,0.6272931883753508
3.8625,0.132,320,1440,401,0.01,laplace,6,0.7261244058609009,0.5219047468704318,0.0015825840875327538,0.0020737635451900985,0.520322162782899
3.8625,0.132,320,1440,457,0.01,laplace,4,0.7260235548019409,0.6709147961813754,0.005664787267849849,0.0070513359223171035,0.6652500089135256
3.8625,0.132,320,1440,457,0.01,laplace,6,0.7260235548019409,0.5620179470755134,0.0009572170262780524,0.001130529535738822,0.5610607300492354
